/* Populate tables */

insert into empresas (id_empresa, tipo, nombre,tipo_identificacion, num_identificacion, ciudad,departamento,direccion,email,logo,telefono,personeria_juridica,fec_per_juridica,norte_terr_limite,sur_terr_limite,oriente_terr_limite,occidente_terr_limite,licencia,encode) values (1,'JUNTA DE ACCION COMUNAL','Junta de accion comunal de prueba', 'NIT', '830003566', 'Villavicencio','Meta','cra 13 Este No 28 - 48','junta@gmail.com','"C:/logo.jpg','4516788','NoPerJur1234','2023-01-01','Delimita por el norte','Delimita por el sur','Delimita por el oriente','Delimita por el occidente','ytnqR4AhBZLCJws5y0gb9UvQNz4TjKzydHMqRSRMjjFDsvh2UwBT0dg7VbLwEnh83Pvcb2bFzc8lUxyvhlbybwyonEGRyBPPpZA1K5zwIRzz/ltto8WHmMPfNxZxBPXRHN10v701grrjnuTOu03fhtmo52/n1HSQwCNdmDLMBBEI6rM2pbkYR/ixYdXSHNlIYVdiYi919wm3ZCN73NvRtTf1sXmeFLqMTyHFmOLVpqZsZ9Ypx/dZwTVF7C56uuMgqt5QmboEJbIeT0EzAe9qq8mZNsD0UMoNRA+xx2/oNG3Sr+WLIFJkv+FxpvxttXFJgmHYC6hi2+ndb/iO1slGYJvfWpRSHmVSmOaleos3eLFOG6Y4GHk9YVvsHyvJRae8U6B41xVZIow0SVApGy0lcVUgWZp0MmiceFOiPDTH8FgU0f/elHCE/VopP+Lwgl4l40ucoDUZbS5qX4nGPNKZpw4wmGEk7CgO9p67k585ZdsiT5+ff+ICvinP24CdWetYD90NrY+rMZ4DRq9CKwN1NuaTlUkEGL0nV6Lddv6Dm/sHCSIzW6LApJTLFQblh6NFpZah0npEENPDjNJuA/OUx3pk6CEdIqlqeDTIIwO76RMsOKR3ahak1SVO98pnhpUtOG2EtTPXgI8LZBPwRiW/4bCWBWwtutZeEuColahMClaBO36eWnLQIEjVSr1p6q5MKPX9E3gEfpSpAcfQtPiOqXio5CdxA7z0znEqpdOU+afeaPm8vg7McJghLk3KwHHn6xvWkTdUqE3hRB5k133BKL+LXABDSZF7fFVRV+awaN7+hU66MrF9F5BRdynQTkOQHIJk60Z5s+sdsN6zxr4G6kBur4xcdkyZycw3AqXkRM3bZ/uGD+XP61v+K2zswuHhxQ7MFwcSGLs9eyZxv167w01JsV1i8uJKT6OJtj4pcQpn3pZHOZwhGKqsnkFTP0k63qYssWLrPeXgAJELrKnwJxzc8W4wFfjZ5eK9RrY24nPZefGZk7LynUfpFRH59JEq2c2v/15A03XwA3ZfL7+NdugK7t33CIYialgbO9QpPZWAvK5fiR7PFoYQKfaff+o+havm+/20YuSWqE6x4uFmH7Qo5YkRjKHZjhN2pTBuvh0HgoAVQ9BY/pVS6NOdB90JS0fd5A8o/kHXoRNCXQvRTZDPFzuc/UAMqsGCqC91bLxoiE6h6LHFVpgzNHhNfTb3aRuaDAOnvvQuxuNTW94qTJi6qhm6LNlEjEOQNidTPuzLAhoPTeqaU+fbJe00sbJJF54NR/+9BppojGVIbbdx2DhkZPxXv0oV1+plkiDNyXl3Xm+Hd13S3Cv8pVFI+By6o+9RtTm8f8cUY3HGwufhmX4qSNQHUIkHJY07otvL5Z3ALE6F/fQURdrTSeGZ/jEkHkREKRwUUGJSwRZELR2CtYiaEsD7NAUk6KzckQCt6mZN+EJ9w3siR5NF7H7U5aEIBUUeeD6u6BW1TKU0z0XqZ258ymCkV8QgaIh7+3s+6KAALWr2SVof5euof+9EdOHhfq1SUzPrTplig7iQMQTR+eznD5iR3nz7LIeC6rErqhw9SrvZV90eAwD7fIc90IcrVAzbxZScATkc/VO9Bwg+r3YDs1/FVwptQJ0NkgcspNQ7wF50DLR2Z0qeROqrRwq3DSzRhd+R5NOXhAYMgTdkxSI176lzwQ/yajjvJSOECVt6acTn9c/zQxFcBbhU1fZo95JpYNVrPDcQwtVmfRr9rDh+N0HPtfRmspP6+rK9tbV5Cv2AErfBqHQEi9vMIMLiGcDGItP5jVOaf7BEs+NL6z8+1ozJXpE8I5Vaf4zgBmXd0MjdGW44KfskxW29zK778Fwarzxs3Aexlwhdb6VlonkqN1d7k6RpFxzDPMWdoMallP8HJYFTSogbnDn2+52S0g21rM+5/LjItTT4qCp5a0NYNzk6MHbOv5eRG2D3g5eixakI3EpH2HpJJ4Zjs7PEJTccMCIhieYc2pnEbu/bMIYYqRWPZziSVXYoL85weZOyq1wiPyaHn6p+IdbgTuq410lzp7ce+mhlte7VQN7aMC5wFUC9YzWXuUppyHl+I4RW+N/GbiSL+/cxl3h1P33rNRLEVtGh3qSa3uEuxvHBW32Ew1MFWya2yasz2I5McIyxpB4n23Y6qK1uJZD61C70n5HJY4Hk3gzgaHdj///ts6yxo43gwn6w0ncnh3PjYe8I10gn1vGKcvXqBRdZhjygRUwayrOo4/oFTvJyozi10VDQfqQssvCWV4QJSgZFOL0Gpeb9cqula85k2Imql2gxXdX3MOded5KiAmD4maI7YegZwSA7N3bd5NLaenF9/GMwBBAhfisTGwkAUhSNCc+fSXXsYzD0JsOD8e5eLCnZ+WCgNnSByDfwszz2J+ozf5iA3RP2w3ER657l++8tW3GWMS3IvILTIOCjE/8OXOoOF77p5WdwiT5dBAB+mUwUqS5wi86S27FfDZ4ufJNgf92/LU9Yx26Cmz7AgWL0y0BCTj8eYSLcD7N0+ZoHqsV2cJ/vtA347vKjwwN4eho+Cgbkm0lilPraSmSuYGp3LagaeogQ9G4xoc19qO5N/QZ+KilT04LcAiGbKlMixT1v/6bd4jim1OnSaFK0ch9x1jovsxQ94GC+rYkVxXwM2/FqjW/p/vZP/Nvq2PX0371uZDK8/rKd8HhK7GW6MsWy2/z8GEGrtnS892512gD3W14Ve1IZUf5g5Q7H3NvOQ06Y+TFx2J5hfy4k9re9SncSpR04KR18RY2MMp67xfI7cYAhuRmhR57TwW4B1aHIUb5FkJpNE6gqoWxxKBubSwgKuXvfgBiPeYBQNhmlU4kD6smlKxJVxto3XPf2OR8gJ/FrRtYsspfp1xCHPmv3XgB7VHMegOdd6w4SR0xDw0xF6eAIOdBTYMT3VIkuwVTm5Eq3BokLybcLZC5UHmS6P4pWly+PZFoNrVlstdxfcFpMAz5Ue+Juipzf6pChiKDBVsj6pphZp3Fni/MQswGf1bxPN53U358yhSeFAz+po6m6I6XN0BjdiLOAGjsmunyCI1V9kCs/BeK1orEJeJUTz3243C2fTt8tpN20XW5hQ7/dgz96QqM1xPwJmAFdkxvi7Q6cLL099EazFh1+/dWXIz7m3csC8171ejtPXgMrtvNHV6pVrUUdgq+yC9FpnXuk+6qumNS8qBGR2mgAnmbEvocrK5RD2h13Lu54rUjNUzOlrwgdSfYWsyoj8QmjeDNNFWWrsglGTom9JSrdGk6CTpUR3+4ae7iGjjPgscl5p63cuninW2/8+jGTxuOJ1TZ60jvcLlRjbw8zSBeB3F6vAmNux6jxRajW9homlKnLdHIpQ1GoCqUH6/bC9yf+u41Deh8K4GGn2TXy+7e64IlIWuoY5HFDq8EPvMr51w6uam9bP12oD9IslE9HAbdwkYMc1yp1QuPBBKTFCG35gS4hvv++VJtLXn34LZQzFFDfqDDrbwYLwOdyS64oD+ac83AK7ogsbgXD0Xu8L41pqR6ZSbuJzZ7pfZ0mkOZuGvkkZfqBbQyiqoSsFC4TGEqVYrwloYQtHWCOq58LzMcFnJ6YNPRLmFzFgVM2OEW+rvzLWbWm4RmQBCLihUR3gVQQujiye6O9I9+Wb86IwGdzAv7AhB2pmM2guE+zGvPUhJvZ3ox4zpPDy3BJBotln7uP4sBrJbQ+hkIve0nS3wXSg3uZeQF1IZpzCh+ftCyeemq+J9lECW51HVTKAFGJNSMBXuhxy0K6GYSO7TXQdz1gvWMm0MEHW17BMj5CuwVxse5m5ugwdRw6ExgmSpIMi5lBAHo56zJFs+/glCU8P6Bu5tw8btJA1LM8cxFHDsx1c0lBCYETIzwe04197UVW/RerrA/EPFkEtextS173jBkqnnTFUx6PVRx3N5SxmP2Vl3l1/AR0rw+gveZe7b7A8rKi/mloHIEaUKRiZWU946Ztl25IvwKksxLr0jtLbgU8gswJrSd6TntX2N8bRPkcSi085OZpDiLGtnLztRZuHpLq1C2dwC8Cj9oTa/zZ+Se2Di9B3UbpwuZ0jbB+zdzZnnqt4P5Iz1ZWy2s6Qed/MahmQpX8z4ZHvPK/rU94sU38bOT7LcXtDCSN8FojHmtlSrZIZJgONYLc3GRwAABbWhX60CrWXrMNli/uM1KlDOBcBpIldoyD1hf9Cdwx+ANp24PKsEEzbp2tE5fA0Lt7eGfaelOCFPGE7bOecmsndwFsDiFXSqU4XmSJ+vfaLdBN3A4VHaZ9cKiQKsuxapsLpxdcdJveULIu3MRt2Z3E2kEgYO9y7BbIwzSQR+5uk8LvrploaU3yXOAG+rlzH6StIWHkdYpG68ILIhmb7oP8Cfwh97kosekGrQzA1OpY6jdUX6TqDP9H+bQDiUm3pvDmS0EXZuBdnxEaHcFBmw==','u+qtA1oZYBSgHjv9qtCbWQ==');

INSERT INTO users (id_empresa, username, password, tipo_identificacion,num_identificacion,nombre,telefono,ciudad,departamento,direccion,email,enabled) VALUES (1,'reinaldo','$2a$10$HzEvEtFVyt78uRuCCIURKOBaKp0Hw.1/LvrHy4RMadQvNUPjdTfqe','CC','1030532668','Reinaldo Guarín Sierra','3124111204','Villavicencio','Meta','Cra 13 Este No 28-231 casa 109','reigs12@gmail.com',1);
INSERT INTO users (id_empresa, username, password, tipo_identificacion,num_identificacion,nombre,telefono,ciudad,departamento,direccion,email,enabled) VALUES (1,'admin','$2a$10$mo6R.4I.JfefMlby.Gud2OfqZ0kqErq.dbMTcf/g4eXx2KuVtX4OK','CC','1053724192','Nidia Amparo Garcia Molina','3203318849','Bogotá','Cundinamarca','Cra 80A No 54-43 Sur','nidiesita40814@hotmail.com',1);

INSERT INTO authorities (user_id, authority) VALUES (1,'ROLE_USER');
INSERT INTO authorities (user_id, authority) VALUES (2,'ROLE_ADMIN');
INSERT INTO authorities (user_id, authority) VALUES (2,'ROLE_USER');
INSERT INTO authorities (user_id, authority) VALUES (1,'ROLE_SECRETARIO');


INSERT INTO depuraciones (id_depuracion,id_empresa,id_user,fecha) VALUES (1,1,1,'2023-03-10');
INSERT INTO depuraciones (id_depuracion,id_empresa,id_user,fecha) VALUES (2,1,2,'2023-04-15');

INSERT INTO afiliados (id_afiliado,id_empresa,fec_afiliacion, tipo_identificacion, num_identificacion, nombre, telefono,ciudad, departamento, direccion, ocupacion, fec_nacimiento, edad, comision_trabajo, genero, email, estado, id_depuracion,discapacidad,grupo_etnico, huella) VALUES(1,1,'2017-08-01','CC',1030532668, 'Reinaldo Guarin Sierra', '3124111204','Villavicencio','Meta', 'Cra 14A Este No 48-28','OFICIOS VARIOS', '1997-08-01', 27,'Salud', 'MASCULINO', 'reigs12@gmail.com', 0, 2, 'Fisica','Gitano','asgdvfje12365487d');

INSERT INTO afiliados (id_afiliado,id_empresa,fec_afiliacion, tipo_identificacion, num_identificacion, nombre, telefono,ciudad, departamento, direccion, ocupacion, fec_nacimiento, edad, comision_trabajo, genero, email, estado, id_depuracion,discapacidad,grupo_etnico, huella) VALUES(2,1,'2017-08-01','CC',1053724192, 'Nidia Amparo garcia Molina', '3203318849','Bogotá','Cundinamarca', 'Cra 80A No 54-43 Sur','OFICIOS VARIOS', '1997-08-01', 27,'Obras', 'MASCULINO', 'reigs12@gmail.com', 0, 1,'Ninguna','Raizal', 'asgdvfje12365487d');

INSERT INTO afiliados (id_afiliado,id_empresa,fec_afiliacion, tipo_identificacion, num_identificacion, nombre, telefono,ciudad, departamento, direccion, ocupacion, fec_nacimiento, edad, comision_trabajo, genero, email, estado, id_depuracion,discapacidad,grupo_etnico, huella) VALUES(3,1,'2017-08-01','CC',1053724100, 'Luis Alberto Cubides', '3203318849','Bogotá','Cundinamarca', 'Cra 80A No 54-43 Sur','OFICIOS VARIOS', '1997-08-01', 27,'EMPRESARIAL', 'MASCULINO', 'reigs12@gmail.com', 0, 1,'Ninguna','Raizal', 'asgdvfje12365487d');

INSERT INTO afiliados (id_afiliado,id_empresa,fec_afiliacion, tipo_identificacion, num_identificacion, nombre, telefono,ciudad, departamento, direccion, ocupacion, fec_nacimiento, edad, comision_trabajo, genero, email, estado, id_depuracion,discapacidad,grupo_etnico, huella) VALUES(4,1,'2023-09-01','CC',17919983, 'Jose Luis Chilavert Perez', '3203318849','Bogotá','Girardot', 'Cra 80A No 54-43 Sur','OFICIOS VARIOS', '1997-08-01', 27,'Salud', 'MASCULINO', 'joseluis@gmail.com', 0, 1,'Ninguna','Raizal', 'asgdvfje12365487d');

INSERT INTO afiliados (id_afiliado,id_empresa,fec_afiliacion, tipo_identificacion, num_identificacion, nombre, telefono,ciudad, departamento, direccion, ocupacion, fec_nacimiento, edad, comision_trabajo, genero, email, estado, id_depuracion,discapacidad,grupo_etnico, huella) VALUES(5,1,'2023-09-01','CC', 17111983, 'Miguel Angel Roldanillo', '3203318849','Bogotá','Girardot', 'Cra 80A No 54-43 Sur','OFICIOS VARIOS', '1997-08-01', 27,'Ambiental', 'MASCULINO', 'Miguelroldanillo@gmail.com', 0, 1,'Ninguna','Raizal', 'asgdvfje12365487d');

INSERT INTO afiliados (id_afiliado,id_empresa,fec_afiliacion, tipo_identificacion, num_identificacion, nombre, telefono,ciudad, departamento, direccion, ocupacion, fec_nacimiento, edad, comision_trabajo, genero, email, estado, id_depuracion,discapacidad,grupo_etnico, huella) VALUES(6,1,'2023-09-01','CC',17911983, 'Pedro De Roger', '3203318849','Bogotá','Girardot', 'Cra 80A No 54-43 Sur','OFICIOS VARIOS', '1997-08-01', 27,'Derechos humanos', 'MASCULINO', 'PedroUribe@gmail.com', 0, 1,'Ninguna','Raizal', 'asgdvfje12365487d');

INSERT INTO afiliados (id_afiliado,id_empresa,fec_afiliacion, tipo_identificacion, num_identificacion, nombre, telefono,ciudad, departamento, direccion, ocupacion, fec_nacimiento, edad, comision_trabajo, genero, email, estado, id_depuracion,discapacidad,grupo_etnico, huella) VALUES(7,1,'2023-09-01','CC',1121820983, 'Sneider Cardozo Cordoba', '3203318849','Bogotá','Huila', 'Cra 75 No 54-43 Sur','OFICIOS VARIOS', '1997-08-01', 27,'EMPRESARIAL', 'MASCULINO', 'Sneidder@gmail.com', 0, 1,'Ninguna','Raizal', 'asgdvfje12365487d');

INSERT INTO afiliados (id_afiliado,id_empresa,fec_afiliacion, tipo_identificacion, num_identificacion, nombre, telefono,ciudad, departamento, direccion, ocupacion, fec_nacimiento, edad, comision_trabajo, genero, email, estado, id_depuracion,discapacidad,grupo_etnico, huella) VALUES(8,1,'2024-01-12','CC', 71935071, 'Yeimy Piza', '3203318849','Bogotá','Huila', 'Cra 75 No 54-43 Sur','OFICIOS VARIOS', '1997-08-01', 27,'Educación', 'MASCULINO', 'Sneidder@gmail.com', 0, 1,'Ninguna','Raizal', 'asgdvfje12365487d');
/*News*/
INSERT INTO afiliados (id_afiliado,id_empresa,fec_afiliacion, tipo_identificacion, num_identificacion, nombre, telefono,ciudad, departamento, direccion, ocupacion, fec_nacimiento, edad, comision_trabajo, genero, email, estado, id_depuracion,discapacidad,grupo_etnico, huella) VALUES(9,1,'2024-01-12','CC', 71935871, 'Juan Esteban Salazar', '3203318849','Bogotá','Huila', 'Cra 75 No 54-43 Sur','OFICIOS VARIOS', '1997-08-01', 27,'Obras', 'MASCULINO', 'Sneidder@gmail.com', 0, 1,'Ninguna','Raizal', 'asgdvfje12365487d');

INSERT INTO afiliados (id_afiliado,id_empresa,fec_afiliacion, tipo_identificacion, num_identificacion, nombre, telefono,ciudad, departamento, direccion, ocupacion, fec_nacimiento, edad, comision_trabajo, genero, email, estado, id_depuracion,discapacidad,grupo_etnico, huella) VALUES(10,1,'2024-01-12','CC', 71937071, 'Rosa Maria Gaviria', '3203318849','Bogotá','Huila', 'Cra 75 No 54-43 Sur','OFICIOS VARIOS', '1997-08-01', 27,'Salud', 'MASCULINO', 'Sneidder@gmail.com', 0, 1,'Ninguna','Raizal', 'asgdvfje12365487d');

INSERT INTO afiliados (id_afiliado,id_empresa,fec_afiliacion, tipo_identificacion, num_identificacion, nombre, telefono,ciudad, departamento, direccion, ocupacion, fec_nacimiento, edad, comision_trabajo, genero, email, estado, id_depuracion,discapacidad,grupo_etnico, huella) VALUES(11,1,'2024-01-12','CC', 71235071, 'Maria Antoniaeta de las Nieves', '3203318849','Bogotá','Huila', 'Cra 75 No 54-43 Sur','OFICIOS VARIOS', '1997-08-01', 27,'Ambiental', 'MASCULINO', 'Sneidder@gmail.com', 0, 1,'Ninguna','Raizal', 'asgdvfje12365487d');

INSERT INTO afiliados (id_afiliado,id_empresa,fec_afiliacion, tipo_identificacion, num_identificacion, nombre, telefono,ciudad, departamento, direccion, ocupacion, fec_nacimiento, edad, comision_trabajo, genero, email, estado, id_depuracion,discapacidad,grupo_etnico, huella) VALUES(12,1,'2024-01-12','CC', 74335031, 'Ingrith Liseth Vargas', '3203318849','Bogotá','Huila', 'Cra 75 No 54-43 Sur','OFICIOS VARIOS', '1997-08-01', 27,'Deportes', 'MASCULINO', 'Sneidder@gmail.com', 0, 1,'Ninguna','Raizal', 'asgdvfje12365487d');

INSERT INTO afiliados (id_afiliado,id_empresa,fec_afiliacion, tipo_identificacion, num_identificacion, nombre, telefono,ciudad, departamento, direccion, ocupacion, fec_nacimiento, edad, comision_trabajo, genero, email, estado, id_depuracion,discapacidad,grupo_etnico, huella) VALUES(13,1,'2024-01-12','CC', 71933071, 'Nicolas Aparicio Fuentes', '3203318849','Bogotá','Huila', 'Cra 75 No 54-43 Sur','OFICIOS VARIOS', '1997-08-01', 27,'Educación', 'MASCULINO', 'Sneidder@gmail.com', 0, 1,'Ninguna','Raizal', 'asgdvfje12365487d');

INSERT INTO afiliados (id_afiliado,id_empresa,fec_afiliacion, tipo_identificacion, num_identificacion, nombre, telefono,ciudad, departamento, direccion, ocupacion, fec_nacimiento, edad, comision_trabajo, genero, email, estado, id_depuracion,discapacidad,grupo_etnico, huella) VALUES(14,1,'2024-01-12','CC', 71935072, 'Luis Ariel Cabazo', '3203318849','Bogotá','Huila', 'Cra 75 No 54-43 Sur','OFICIOS VARIOS', '1997-08-01', 27,'Salud', 'MASCULINO', 'Sneidder@gmail.com', 0, 1,'Ninguna','Raizal', 'asgdvfje12365487d');

INSERT INTO afiliados (id_afiliado,id_empresa,fec_afiliacion, tipo_identificacion, num_identificacion, nombre, telefono,ciudad, departamento, direccion, ocupacion, fec_nacimiento, edad, comision_trabajo, genero, email, estado, id_depuracion,discapacidad,grupo_etnico, huella) VALUES(15,1,'2024-01-12','CC', 71935073, 'Rosalba Olarte', '3203318849','Bogotá','Huila', 'Cra 75 No 54-43 Sur','OFICIOS VARIOS', '1997-08-01', 27,'EMPRESARIAL', 'MASCULINO', 'Sneidder@gmail.com', 3, 1,'Ninguna','Raizal', 'asgdvfje12365487d');

INSERT INTO afiliados (id_afiliado,id_empresa,fec_afiliacion, tipo_identificacion, num_identificacion, nombre, telefono,ciudad, departamento, direccion, ocupacion, fec_nacimiento, edad, comision_trabajo, genero, email, estado, id_depuracion,discapacidad,grupo_etnico, huella) VALUES(16,1,'2024-01-12','CC', 71935074, 'Luisa Fernanda Beltran', '3203318849','Bogotá','Huila', 'Cra 75 No 54-43 Sur','OFICIOS VARIOS', '1997-08-01', 27,'Obras', 'MASCULINO', 'Sneidder@gmail.com', 0, 1,'Ninguna','Raizal', 'asgdvfje12365487d');

INSERT INTO afiliados (id_afiliado,id_empresa,fec_afiliacion, tipo_identificacion, num_identificacion, nombre, telefono,ciudad, departamento, direccion, ocupacion, fec_nacimiento, edad, comision_trabajo, genero, email, estado, id_depuracion,discapacidad,grupo_etnico, huella) VALUES(17,1,'2024-01-12','CC', 71935075, 'Camilo Aguirre Arevalo', '3203318849','Bogotá','Huila', 'Cra 75 No 54-43 Sur','OFICIOS VARIOS', '1997-08-01', 27,'Derechos humanos', 'MASCULINO', 'Sneidder@gmail.com', 0, 1,'Ninguna','Raizal', 'asgdvfje12365487d');

INSERT INTO afiliados (id_afiliado,id_empresa,fec_afiliacion, tipo_identificacion, num_identificacion, nombre, telefono,ciudad, departamento, direccion, ocupacion, fec_nacimiento, edad, comision_trabajo, genero, email, estado, id_depuracion,discapacidad,grupo_etnico, huella) VALUES(18,1,'2024-01-12','CC', 71935076, 'Jennifer Escarraga Pulido', '3203318849','Bogotá','Huila', 'Cra 75 No 54-43 Sur','OFICIOS VARIOS', '1997-08-01', 27,'Educación', 'MASCULINO', 'Sneidder@gmail.com', 0, 1,'Ninguna','Raizal', 'asgdvfje12365487d');

INSERT INTO afiliados (id_afiliado,id_empresa,fec_afiliacion, tipo_identificacion, num_identificacion, nombre, telefono,ciudad, departamento, direccion, ocupacion, fec_nacimiento, edad, comision_trabajo, genero, email, estado, id_depuracion,discapacidad,grupo_etnico, huella) VALUES(19,1,'2024-01-12','CC', 71935077, 'Esteven Enrique Martinez', '3203318849','Bogotá','Huila', 'Cra 75 No 54-43 Sur','OFICIOS VARIOS', '1997-08-01', 27,'Deportes', 'MASCULINO', 'Sneidder@gmail.com', 0, 1,'Ninguna','Raizal', 'asgdvfje12365487d');

INSERT INTO afiliados (id_afiliado,id_empresa,fec_afiliacion, tipo_identificacion, num_identificacion, nombre, telefono,ciudad, departamento, direccion, ocupacion, fec_nacimiento, edad, comision_trabajo, genero, email, estado, id_depuracion,discapacidad,grupo_etnico, huella) VALUES(20,1,'2024-01-12','CC', 71935078, 'Jenny maritza bermudez', '3203318849','Bogotá','Huila', 'Cra 75 No 54-43 Sur','OFICIOS VARIOS', '1997-08-01', 27,'Salud', 'MASCULINO', 'Sneidder@gmail.com', 0, 1,'Ninguna','Raizal', 'asgdvfje12365487d');

INSERT INTO afiliados (id_afiliado,id_empresa,fec_afiliacion, tipo_identificacion, num_identificacion, nombre, telefono,ciudad, departamento, direccion, ocupacion, fec_nacimiento, edad, comision_trabajo, genero, email, estado, id_depuracion,discapacidad,grupo_etnico, huella) VALUES(21,1,'2024-01-12','CC', 71935079, 'Maria Alejandra Riveros', '3203318849','Bogotá','Huila', 'Cra 75 No 54-43 Sur','OFICIOS VARIOS', '1997-08-01', 27,'Derechos humanos', 'MASCULINO', 'Sneidder@gmail.com', 0, 1,'Ninguna','Raizal', 'asgdvfje12365487d');

INSERT INTO afiliados (id_afiliado,id_empresa,fec_afiliacion, tipo_identificacion, num_identificacion, nombre, telefono,ciudad, departamento, direccion, ocupacion, fec_nacimiento, edad, comision_trabajo, genero, email, estado, id_depuracion,discapacidad,grupo_etnico, huella) VALUES(22,1,'2024-01-12','CC', 71935011, 'Liseth Moreno Salazar', '3203318849','Bogotá','Huila', 'Cra 75 No 54-43 Sur','OFICIOS VARIOS', '1997-08-01', 27,'Obras', 'MASCULINO', 'Sneidder@gmail.com', 0, 1,'Ninguna','Raizal', 'asgdvfje12365487d');

INSERT INTO afiliados (id_afiliado,id_empresa,fec_afiliacion, tipo_identificacion, num_identificacion, nombre, telefono,ciudad, departamento, direccion, ocupacion, fec_nacimiento, edad, comision_trabajo, genero, email, estado, id_depuracion,discapacidad,grupo_etnico, huella) VALUES(23,1,'2024-01-12','CC', 71935021, 'Duvan Cardozo Cordoba', '3203318849','Bogotá','Huila', 'Cra 75 No 54-43 Sur','OFICIOS VARIOS', '1997-08-01', 27,'Deportes', 'MASCULINO', 'Sneidder@gmail.com', 0, 1,'Ninguna','Raizal', 'asgdvfje12365487d');

INSERT INTO afiliados (id_afiliado,id_empresa,fec_afiliacion, tipo_identificacion, num_identificacion, nombre, telefono,ciudad, departamento, direccion, ocupacion, fec_nacimiento, edad, comision_trabajo, genero, email, estado, id_depuracion,discapacidad,grupo_etnico, huella) VALUES(24,1,'2024-01-12','CC', 71935031, 'Duvan Cardozo Cordoba', '3203318849','Bogotá','Huila', 'Cra 75 No 54-43 Sur','OFICIOS VARIOS', '1997-08-01', 27,'Educación', 'MASCULINO', 'Sneidder@gmail.com', 0, 1,'Ninguna','Raizal', 'asgdvfje12365487d');

INSERT INTO afiliados (id_afiliado,id_empresa,fec_afiliacion, tipo_identificacion, num_identificacion, nombre, telefono,ciudad, departamento, direccion, ocupacion, fec_nacimiento, edad, comision_trabajo, genero, email, estado, id_depuracion,discapacidad,grupo_etnico, huella) VALUES(25,1,'2024-01-12','CC', 71935041, 'Duvan Cardozo Cordoba', '3203318849','Bogotá','Huila', 'Cra 75 No 54-43 Sur','OFICIOS VARIOS', '1997-08-01', 27,'EMPRESARIAL', 'MASCULINO', 'Sneidder@gmail.com', 3, 1,'Ninguna','Raizal', 'asgdvfje12365487d');

INSERT INTO afiliados (id_afiliado,id_empresa,fec_afiliacion, tipo_identificacion, num_identificacion, nombre, telefono,ciudad, departamento, direccion, ocupacion, fec_nacimiento, edad, comision_trabajo, genero, email, estado, id_depuracion,discapacidad,grupo_etnico, huella) VALUES(26,1,'2024-01-12','CC', 71935051, 'Duvan Cardozo Cordoba', '3203318849','Bogotá','Huila', 'Cra 75 No 54-43 Sur','OFICIOS VARIOS', '1997-08-01', 27,'Ambiental', 'MASCULINO', 'Sneidder@gmail.com', 0, 1,'Ninguna','Raizal', 'asgdvfje12365487d');

INSERT INTO afiliados (id_afiliado,id_empresa,fec_afiliacion, tipo_identificacion, num_identificacion, nombre, telefono,ciudad, departamento, direccion, ocupacion, fec_nacimiento, edad, comision_trabajo, genero, email, estado, id_depuracion,discapacidad,grupo_etnico, huella) VALUES(27,1,'2024-01-12','CC', 71935061, 'Duvan Cardozo Cordoba', '3203318849','Bogotá','Huila', 'Cra 75 No 54-43 Sur','OFICIOS VARIOS', '1997-08-01', 27,'Obras', 'MASCULINO', 'Sneidder@gmail.com', 0, 1,'Ninguna','Raizal', 'asgdvfje12365487d');

INSERT INTO afiliados (id_afiliado,id_empresa,fec_afiliacion, tipo_identificacion, num_identificacion, nombre, telefono,ciudad, departamento, direccion, ocupacion, fec_nacimiento, edad, comision_trabajo, genero, email, estado, id_depuracion,discapacidad,grupo_etnico, huella) VALUES(28,1,'2024-01-12','CC', 71935082, 'Duvan Cardozo Cordoba', '3203318849','Bogotá','Huila', 'Cra 75 No 54-43 Sur','OFICIOS VARIOS', '1997-08-01', 27,'Derechos humanos', 'MASCULINO', 'Sneidder@gmail.com', 0, 1,'Ninguna','Raizal', 'asgdvfje12365487d');

INSERT INTO afiliados (id_afiliado,id_empresa,fec_afiliacion, tipo_identificacion, num_identificacion, nombre, telefono,ciudad, departamento, direccion, ocupacion, fec_nacimiento, edad, comision_trabajo, genero, email, estado, id_depuracion,discapacidad,grupo_etnico, huella) VALUES(29,1,'2024-01-12','CC', 71935081, 'Duvan Cardozo Cordoba', '3203318849','Bogotá','Huila', 'Cra 75 No 54-43 Sur','OFICIOS VARIOS', '1997-08-01', 27,'EMPRESARIAL', 'MASCULINO', 'Sneidder@gmail.com', 3, 1,'Ninguna','Raizal', 'asgdvfje12365487d');

INSERT INTO afiliados (id_afiliado,id_empresa,fec_afiliacion, tipo_identificacion, num_identificacion, nombre, telefono,ciudad, departamento, direccion, ocupacion, fec_nacimiento, edad, comision_trabajo, genero, email, estado, id_depuracion,discapacidad,grupo_etnico, huella) VALUES(30,1,'2024-01-12','CC', 61935081, 'Duvan Cardozo Cordoba', '3203318849','Bogotá','Huila', 'Cra 75 No 54-43 Sur','OFICIOS VARIOS', '1997-08-01', 27,'Ambiental', 'MASCULINO', 'Sneidder@gmail.com', 0, 1,'Ninguna','Raizal', 'asgdvfje12365487d');

INSERT INTO afiliados (id_afiliado,id_empresa,fec_afiliacion, tipo_identificacion, num_identificacion, nombre, telefono,ciudad, departamento, direccion, ocupacion, fec_nacimiento, edad, comision_trabajo, genero, email, estado, id_depuracion,discapacidad,grupo_etnico, huella) VALUES(31,1,'2024-01-12','CC', 71933081, 'Duvan Cardozo Cordoba', '3203318849','Bogotá','Huila', 'Cra 75 No 54-43 Sur','OFICIOS VARIOS', '1997-08-01', 27,'EMPRESARIAL', 'MASCULINO', 'Sneidder@gmail.com', 3, 1,'Ninguna','Raizal', 'asgdvfje12365487d');

INSERT INTO afiliados (id_afiliado,id_empresa,fec_afiliacion, tipo_identificacion, num_identificacion, nombre, telefono,ciudad, departamento, direccion, ocupacion, fec_nacimiento, edad, comision_trabajo, genero, email, estado, id_depuracion,discapacidad,grupo_etnico, huella) VALUES(32,1,'2024-01-12','CC', 72535081, 'Duvan Cardozo Cordoba', '3203318849','Bogotá','Huila', 'Cra 75 No 54-43 Sur','OFICIOS VARIOS', '1997-08-01', 27,'Ambiental', 'MASCULINO', 'Sneidder@gmail.com', 0, 1,'Ninguna','Raizal', 'asgdvfje12365487d');

INSERT INTO afiliados (id_afiliado,id_empresa,fec_afiliacion, tipo_identificacion, num_identificacion, nombre, telefono,ciudad, departamento, direccion, ocupacion, fec_nacimiento, edad, comision_trabajo, genero, email, estado, id_depuracion,discapacidad,grupo_etnico, huella) VALUES(33,1,'2024-01-12','CC', 73035081, 'Duvan Cardozo Cordoba', '3203318849','Bogotá','Huila', 'Cra 75 No 54-43 Sur','OFICIOS VARIOS', '1997-08-01', 27,'Derechos humanos', 'MASCULINO', 'Sneidder@gmail.com', 0, 1,'Ninguna','Raizal', 'asgdvfje12365487d');

INSERT INTO ordendia (nombre,texto) VALUES ('INSTALACIÓN DE LA ASAMBLEA','Verificada la participación requerida y cumplido el quórum legal, siendo las %reuniones.hora%, se declara oficialmente instalada la Asamblea.\n');

INSERT INTO ordendia (nombre,texto,texto1,texto2,texto3,texto4) VALUES ('LLAMADO A LISTA Y VERIFICACIÓN DEL QUÓRUM','La secretaria informa a los afiliados asistentes que el día %reuniones.fec_cierre_afiliados%, se cerró la inscripción de afiliados y se abrirá nuevamente el día siguiente a la realización de la asamblea.\nPRIMERA OPORTUNIDAD: Se inicia con la verificación de la asistencia de los afiliados convocados, registrando la participación de %actareuniones.quorum50Primero% de los %afiliados.cantidad% miembros, equivalente al %calcular.porcQuorum50PrimeroNumero%% del total. Este porcentaje %actareuniones.inicia50Primero% permite establecer el quórum necesario del cincuenta (50%) por ciento más uno conforme a lo estipulado en el artículo 32 de la Ley 2166 de 2021.','SEGUNDA OPORTUNIDAD: Se procede a esperar una (1) hora y se realiza un nuevo llamado a lista para verificar la conformación de un quórum del treinta (30%) por ciento; contestan %actareuniones.quorumsegundo% afiliados de %afiliados.cantidad%, que representan el (%calcular.porcQuorumSegundoNumero% %), con este porcentaje de asistencia %actareuniones.iniciasegundo% se le da cumplimiento al quórum exigido en el artículo 32 de la Ley 2166 de 2021.','TERCERA OPORTUNIDAD: La Asamblea de afiliados se reunirá por derecho propio dentro de los quince (15) días siguientes a la fecha de convocatoria, y el quórum decisorio se conformará con la presencia de no menos del veinte por ciento (20%) de sus miembros.\nPor no haberse conformado el quórum decisorio, se convoca a la Asamblea de Afiliados para:\n\nFecha: %actareuniones.fechaReagenda%\nLugar: %actareuniones.lugarReagenda%\nHora: %actareuniones.horaReagenda%\n','La secretaria informa a los afiliados asistentes que el día %reuniones.fec_cierre_afiliados%, se cerró la inscripción de afiliados y se abrirá nuevamente el día siguiente a la realización de la asamblea.\nSe procede a realizar el llamado a lista para verificar la conformación de un quórum del veinte (20%) por ciento; contestan %actareuniones.quorum50Primero% afiliados de %afiliados.cantidad% , que representan el (%calcular.porcQuorum50PrimeroNumero%%), con este porcentaje de asistencia %actareuniones.inicia50Primero% se le da cumplimiento al quórum exigido en el artículo 32 de la Ley 2166 de 2021','Por no haberse conformado el quórum decisorio, se convoca a la Asamblea de Afiliados para:\n\nFecha: %actareuniones.fechaReagenda%\nLugar: %actareuniones.lugarReagenda%\nHora: %actareuniones.horaReagenda%\n');

INSERT INTO ordendia (nombre,texto) VALUES ('LECTURA Y APROBACIÓN  DEL ORDEN DEL DÍA','Se somete a lectura de la asamblea el orden del día, máxima autoridad de decisión, con la facultad de aprobarlo o solicitar su modificación.\nPuesto a consideración de la asamblea, %actareuniones.aprobadoOrdenDia% se aprueba por %actareuniones.votosOrdenDia% votos de %actareuniones.asistentes% afiliados asistentes.\n');

INSERT INTO ordendia (nombre,texto) VALUES ('PALABRAS DE QUIEN ORDENA LA CONVOCATORIA','El señor(a) %empresas.presidente% Presidente solicita y agradece a los asistentes por atender el llamado, toda vez que en esta asamblea se tomaran decisiones que afectaran positivamente el futuro de la comunidad y que al observar el debido proceso que se inició con la convocatoria a esta asamblea, situación que nos  permite  tener la oportunidad de acceder a la oferta de los convenios interadministrativos e interinstitucionales dispuestos por los entes gubernamentales del orden municipal, departamental y nacional, que pueda beneficiar esta junta de acción comunal y que impacten en forma positiva a la comunidad.\n');

INSERT INTO ordendia (nombre,texto) VALUES ('ELECCIÓN DEL PRESIDENTE Y SECRETARIO DE LA ASAMBLEA','\bComo presidente de la asamblea, fue elegido:\nNombre: %actareuniones.nombrePresidente%\nC.C.No.: %actareuniones.identificacionPresidente%\nDirección: %actareuniones.DireccionPresidente%\nTeléfono: %actareuniones.telefonoPresidente%\n\bPuesto a consideración de la asamblea, se aprueba por %actareuniones.votosElegirPresidente% votos de los %actareuniones.asistentes% afiliados asistentes\n\n\nFIRMA:_________________________________\n\n\bComo secretario de la asamblea, fue elegido:\nNombre: %actareuniones.nombreSecretario%\nC.C.No.: %actareuniones.identificacionSecretario%\nDirección: %actareuniones.DireccionSecretario%\nTeléfono: %actareuniones.telefonoSecretario%\n\bPuesto a consideración de la asamblea, se aprueba por %actareuniones.votosElegirSecretario% votos de los %actareuniones.asistentes% afiliados asistentes\n\n\nFIRMA:_________________________________\n');

INSERT INTO ordendia (nombre, texto) VALUES ('PROPOSICIÓN CREACIÓN DE LA JUNTA DE ACCIÓN COMUNAL', 'El presidente de la asamblea informa que ya tiene en su poder la Certificación de Territorio y Linderos expedida por la oficina de planeación municipal, además que cuentan con la cantidad de afiliados fundadores exigidos por la Ley 2166 de 2021, para la creación de una junta de acción comunal rural de primer grado de acuerdo con la Lista de Afiliados Fundadores que cuenta con la información necesaria  requerida para realizar el correspondiente registro en el libro de afiliados una vez nos otorguen la personería jurídica; Tambien contamos con la minuta de estatutos de una junta de acción comunal, compendio normativo que reglamentara los procesos organizativos y las relaciones comunitarias para ser leído, discutido y aprobado en esta misma asamblea de constitución\n\bPuesto a consideración de la asamblea la Proposición de creación de la junta de acción comunal %empresas.nombre%, es %actareuniones.aprobadoProposicion% por %actareuniones.votosProposicion% votos de los %actareuniones.asistentes% afiliados asistentes\n');


INSERT INTO ordendia (nombre, texto) VALUES ('LECTURA, DISCUSIÓN Y APROBACIÓN DE ESTATUTOS','El secretario de la asamblea dio lectura a todos y cada uno de los capítulos y artículos contemplados en el proyecto de estatutos hasta la terminación de estos, sin interrupción por parte de los afiliados fundadores asistentes.\nEl presidente solicita a los presentes que quien tenga algo que modificar, agregar o suprimir al contenido del proyecto de estatutos, que solicite la palabra y lo haga en forma clara y en voz alta. Se realiza por parte de los asambleístas la discusión de cada uno de los artículos y planteando las respectivas proposiciones para que se modifiquen algunos artículos de los leídos, de las cuales el secretario toma atenta nota.\nSiendo las 11:30 A.M. el señor presidente pone a consideración de los afiliados fundadores asistentes el proyecto de estatutos que incorporo en su contenido la totalidad de las modificaciones propuestas. Los cuales finalmente terminaron compuestos por %actareuniones.numCapitulosEstatutos% capítulos y %actareuniones.numArticulosEstatutos% artículos, se crearon seis (6) comisiones de trabajo, se autorizaron trece (13) libros, se aprobó la afiliación a la asociación del Municipio, se autorizó al presidente para contratar y suscribir convenios hasta por una menor cuantía de acuerdo con el Articulo 16 Literal f) y Artículo 63 de la Ley 2166 de 2021, junto con las demás modificaciones propuestas al articulado, los cuales fueron sometidos uno a uno a su correspondiente discusión.\n\bPuesto a consideración de la asamblea el Proyecto de estatutos de la junta de acción comunal %empresas.nombre% es %actareuniones.aprobadoLectura% por %actareuniones.votosLectura% votos de los %actareuniones.asistentes% afiliados asistentes\n');


INSERT INTO ordendia (nombre, texto) VALUES ('DESIGNACIÓN DEL TRIBUNAL DE GARANTÍAS', 'Por lo anterior se designaron las siguientes personas como los tres integrantes del tribunal de garantías:\n\n\bPRINCIPALES:\n%actareuniones.nombreTribunal% - C.C.No. %actareuniones.identificacionTribunal%\nDirección: %actareuniones.direccionTribunal% - Teléfono: %actareuniones.telefonoTribunal%\n\n%actareuniones.nombreTribunalA% - C.C.No. %actareuniones.identificacionTribunalA%\nDirección: %actareuniones.direccionTribunalA% - Teléfono: %actareuniones.telefonoTribunalA%\n\n%actareuniones.nombreTribunalB% - C.C.No. %actareuniones.identificacionTribunalB%\nDirección: %actareuniones.direccionTribunalB% - Teléfono: %actareuniones.telefonoTribunalB%\n\n\bSECUNDARIOS:\n%actareuniones.nombreTribunalC% - C.C.No. %actareuniones.identificacionTribunalC%\nDirección: %actareuniones.direccionTribunalC% - Teléfono: %actareuniones.telefonoTribunalC%\n\n%actareuniones.nombreTribunalD% - C.C.No. %actareuniones.identificacionTribunalD%\nDirección: %actareuniones.direccionTribunalD% - Teléfono: %actareuniones.telefonoTribunalD%\n\n%actareuniones.nombreTribunalE% - C.C.No. %actareuniones.identificacionTribunalE%\nDirección: %actareuniones.direccionTribunalE% - Teléfono: %actareuniones.telefonoTribunalE%\n\n\bPuesto a consideración de la asamblea, %actareuniones.aprobadoTribunal% se aprueba por %actareuniones.votosTribunal% votos de los %actareuniones.asistentes% afiliados asistentes\n');


INSERT INTO ordendia (nombre, texto) VALUES ('DESIGNACIÓN JURADO ELECTORAL Y TESTIGO DE VOTACIÓN', 'El presidente informa que para darle cumplimiento a la ley 2166 de 2021, deben designar en esta asamblea de constitución un jurado por cada mesa de votación y un testigo electoral por cada plancha o lista que se presente, por lo anterior se designó a:\n\n%actareuniones.nombreJurado%\nC.C.No. %actareuniones.identificacionJurado%\nDirección: %actareuniones.direccionJurado%\nTeléfono: %actareuniones.telefonoJurado%\n\n Continuando con el uso de la palabra, el señor presidente, propone que el afiliado postulante de cada plancha o lista actúe y ejerza la función de testigo electoral.\n\bPuesto a consideración de la asamblea, %actareuniones.aprobadoJurado% se aprueba por %actareuniones.votosJurado% votos de los %actareuniones.asistentes% afliados asistentes\n');


INSERT INTO ordendia (nombre, texto) VALUES ('SELECCIÓN DEL SISTEMA DE ELECCIÓN: ASAMBLEA O DIRECTA', 'El presidente informa que la ley 2166 de 2021 ordena que, en esta asamblea, se debe escoger el sistema en que se elegirán a los dignatarios que ocuparán los diferentes cargos mediante dos formas de elección:\n1. Elección Directa: Se sugiere para aquellos organismos comunales con más de 200 afiliados, y\n2. Elección por Asamblea.\nEl presidente después de explicar los sistemas eleccionarios que se pueden desarrollar de acuerdo con la ley 2166 de 2021.\nPropone a los afiliados asistentes, escoger el sistema de elección.\n\bPuesto a consideración de la asamblea la elección %actareuniones.sistemaEleccion%, %actareuniones.aprobadoSistemaEleccion% se aprueba por %actareuniones.votosSistemaEleccion% votos de los %actareuniones.asistentes% afiliados asistentes\n');


INSERT INTO ordendia (nombre, texto) VALUES ('CANDIDATIZACIÓN POR PLANCHAS O LISTAS', 'El presidente explica que, para realizar esta jornada electoral para la elección de dignatarios, la Ley 2166 de 2021, ordena que la forma en que se deben postular los candidatos es a través de:\n1. Planchas (equipos completos), o\n2. Listas (agrupados por comisiones o categorías).\nAl finalizar la votación se contarán los votos obtenidos por cada órgano: Directiva, Fiscalía, Comisiones de Trabajo, Comisión de Convivencia y Conciliación y delegados, los cargos se asignarán por cociente electoral, Si se presentó más de una (1) plancha o lista.\nSe propone a los afiliados asistentes, escoger el sistema la candidatización.\n\bPuesto a consideración de la asamblea la conformación de candidaturas se realizará mediante la presentación de %actareuniones.tipoCandidatizacion%, %actareuniones.aprobadoPlanchas% se aprueba por %actareuniones.votosPlanchas% de los %actareuniones.asistentes% afiliados asistentes.\n');


INSERT INTO ordendia (nombre, texto) VALUES ('DETERMINACION DEL LUGAR, FECHA Y HORA DE VOTACION', 'El presidente propone que la jornada electoral para elegir los dignatarios, se desarrolle en:\n\bLUGAR: %actareuniones.lugar% \n\bFECHA: %actareuniones.fechaHora% \n\bPuesto a consideración de la asamblea, %actareuniones.aprobadoDeterminacion% se aprueba por %actareuniones.votosDeterminacion% de los %actareuniones.asistentes% afiliados asistentes.\n');


INSERT INTO ordendia (nombre, texto) VALUES ('PLAZO PARA PRESENTACION DE LAS PLANCHAS', 'El presidente explica que el tribunal de garantías debe contar con el tiempo suficiente para estudiar, analizar y revisar que los candidatos no tengan impedimentos legales, ni posean inhabilidades y que cumplan los requisitos establecidos en los estatutos y en la Ley 2166 de 2021, propone que la recepción de las planchas se realice a través de cualquiera de los tres miembros del tribunal de garantías hasta la siguiente fecha y hora:\n\b%actareuniones.fecPlazoPresentacion%\n\bPuesto a consideración de la asamblea, %actareuniones.aprobadoPlazoPlanchas% se aprueba por %actareuniones.votosPlazoPlanchas% de los %actareuniones.asistentes% afiliados asistentes\n');


INSERT INTO ordendia (nombre, texto) VALUES ('PRESENTACIÓN DE CANDIDATOS', 'El Tribunal de Garantías llama a los candidatos para que se presenten ante la asamblea de elección.\n');


INSERT INTO ordendia (nombre, texto) VALUES ('INSTALACIÓN DE MESAS, URNAS Y JURADOS', 'Siendo las %actareuniones.HoraInstalacionMesa% el Tribunal de Garantías inicia la instalación de una mesa y su jurado, con seis (6) urnas.\n');


INSERT INTO ordendia (nombre, texto) VALUES ('APERTURA DE VOTACIONES', 'Presentación de las Planchas: El Tribunal de Garantías informa a los asambleístas que se presentaron %planchas.numplanchas% planchas.\nSiendo las %actareuniones.horaAperturaVotacion% el Tribunal de Garantías procede a dar apertura a las votaciones, jornada de elección que terminará por elegir a los dignatarios de la Junta de Acción Comunal, dando cumplimiento Ley 2166 de 2021.\nEl Tribunal de Garantías, procede a llamar a los afiliados  asistentes uno por uno, de acuerdo con el Listado de Afiliados  y recibirán las papeletas donde marcaran las planchas de su preferencia y depositarán el voto en las urnas, hasta llamar al último afiliado asistente a votar.\n\n\bLOS DIGNATARIOS PARA ELEGIR SON:\n\n\bDIRECTIVA:\nPRESIDENTE\nVICEPRESIDENTE\nTESORERO\nSECRETARIO\n\n\bFISCALIA\nFISCAL\nFISCAL SUPLENTE\n\n\bCOMISION DE CONCILIACION Y COMVIVENCIA\nCONCILIADOR No. 1\nCONCILIADOR No. 2\nCONCILIADOR No. 3\n\n\bCOMISIONES DE  TRABAJO\nOBRAS\nSALUD\nEDUCACIÓN\nDEPORTES\nAMBIENTAL\nDD HH\n\n\bDELEGADOS ASOJUNTAS\nDELEGADO No. 1\nSUPLENTE NO. 1\nDELEGADO No. 2\nSUPLENTE NO. 2\nDELEGADO No. 3\nSUPLENTE NO. 3\nDELEGADO No. 4\nSUPLENTE NO. 4\n\n\bCOMISIÓN EMPRESARIAL\nDELEGADO No. 1\nDELEGADO No. 2\nDELEGADO No. 3\nDELEGADO No. 4\nDELEGADO No. 5\nDELEGADO No. 6\nDELEGADO No. 7\n');


INSERT INTO ordendia (nombre, texto) VALUES ('CIERRE DE VOTACIONES', 'Siendo las %actareuniones.horaCierreVotacion% se da por finalizada la votación para la elección de los dignatarios de la Junta de Acción Comunal.\n');


INSERT INTO ordendia (nombre, texto) VALUES ('ACTA DE ESCRUTINIOS DE LA VOTACIÓN','En %reuniones.direccion% del Municipio de %reuniones.ciudad%, el %reuniones.fecha%, siendo las %reuniones.hora% se instaló la mesa de votación No. 1 asistió el proceso de la jornada de elección el siguiente jurado de votación:\n\nJurado No.1\nNOMBRE: %actareuniones.nombreJurado%\nC.C No. %actareuniones.identificacionJurado%\nTeléfono: %actareuniones.telefonoJurado%\n\nTestigo de votación:\n%front.testigos%\nPrevia fijación de las listas de afiliados y habilitados para votar, correspondiente a esta mesa desde el número 1 hasta el número %afiliados.cantidad%.\nActo seguido se procedió a mostrar las urnas abiertas a la comunidad presente y a realizar su respectivo cierre, siendo las %actareuniones.horaJornadaElectoral% se inició la jornada de votación, para lo cual cada afiliado se acerca a la mesa, se verifica su nombre y documento de identidad en el listado de afiliados activos, se inscribe en el registro de votantes y procede a depositar sus votos en las urnas dispuestas para tal fin.\nSiendo las %actareuniones.horaCierreVotacion% una vez finalizada la jornada electoral, el jurado de votación da inicio al escrutinio de la siguiente manera:\nSe dio apertura a cada una de las seis (6) urnas de votación correspondiente a los seis bloques.\n1. Se contaron uno a uno los votos depositados en las seis (6) urnas, con el siguiente resultado:\nUrna No.1 – Bloque Directiva %actareuniones.votosurna1% votos.\nUrna No.2 – Bloque Fiscalía	%actareuniones.votosurna2% votos.\nUrna No.3 – Bloque Comisión de Convivencia y Conciliación %actareuniones.votosurna3% votos.\nUrna No.4 – Bloque de Delegados a Asojuntas	%actareuniones.votosurna4% votos.\nUrna No.5 – Bloque de Comisiones de Trabajo %actareuniones.votosurna5% votos.\nUrna No.6 – Bloque de Comisiones de Trabajo %actareuniones.votosurna6% votos.\n\n2. Se confronto el número de votantes de la mesa contra el número de votos depositados y se concluyó que %actareuniones.conclusionvotos%\n');


INSERT INTO ordendia (nombre, texto) VALUES ('ASIGNACIÓN DE CARGOS POR COCIENTE ELECTORAL', 'Siendo las %actareuniones.horaAsignacionCargos% el Tribunal de Garantías una vez termina el conteo y obtiene el resultado definitivo del escrutinio realiza la asignación de cargos.\nUna vez realizado el escrutinio y la operación matemática que permite determinar el cuociente electoral, diligenciamos la planilla de asignación de cargos.\nEn este proceso se vincula al jurado y testigo electoral para mayor confianza y transparencia del proceso de escrutinio y asignación de los cargos.\nEsta planilla de asignación de cargos se anexa a la presente acta de elección.\nOPCIONAL: SI SE PRESENTA MAS DE UNA PLANCHA LOS CARGOS SEASIGNAN MEDIANTE EL MECANISMO DEL CUOCIENTE ELECTORAL\n\bPuesto a consideración de la asamblea La asignación de cargos por cociente intelectual es %actareuniones.aprobadoAsignacionCargos% por %actareuniones.votosAsignacionCargos% de los %actareuniones.asistentes% afiliados asistentes afiliados asistentes\n');


INSERT INTO ordendia (nombre, texto) VALUES ('ACEPTACIÓN CARGOS', 'Siendo las %actareuniones.horaAceptacionCargos% el Tribunal de Garantías se procede a llamar a los dignatarios elegidos para para que firmen la planilla de aceptación de los cargos, tomen posesión y realicen el respectivo juramento.\nEn este proceso se vincula al jurado y testigo electoral para mayor confianza y transparencia del proceso de asignación y aceptación de los cargos.\nEsta planilla de aceptación de cargos se anexa a la presente acta de elección.\n\bPuesto a consideración de la asamblea la aceptación, toma y posesión de cargos es %actareuniones.aprobadoAceptacionCargos% por %actareuniones.votosAceptacionCargos% de los %actareuniones.asistentes% afiliados asistentes afiliados asistentes\n');


INSERT INTO ordendia (nombre, texto) VALUES ('ELABORACIÓN, LECTURA Y APROBACIÓN DEL ACTA', 'Una vez terminado de dar lectura de los informes correspondientes y discutidos mediante el auténtico ejercicio de la democracia participativa y escuchado respetuosamente las opiniones de los intervinientes a favor o en contra de manera ordenada en cada uno de los puntos del orden del día aprobado por los afiliados asistentes a la asamblea, la Presidencia solicitó un receso de media hora para que la Secretaría elabore el acta respectiva.\nUna vez transcurrido el tiempo de receso solicitado, se reunió nuevamente la asamblea y la secretaría, dio lectura al acta de la asamblea.\n\nPuesto a consideración de la asamblea, %actareuniones.aprobadoElaboracionLecturaActa% se aprueba por %actareuniones.votosElaboracionLecturaActa% votos de %actareuniones.asistentes% afiliados asistentes.\n');

INSERT INTO ordendia (nombre, texto) VALUES ('CIERRE DE LA ASAMBLEA', 'No siendo más los puntos del orden del día la Presidencia da por terminada la asamblea, siendo las %actareuniones.horaCierreAsamblea%\n');


INSERT INTO ordendia (nombre, texto) VALUES ('LECTURA Y PRESENTACION DE CARGOS CONTRA EL DIGNATARIO', 'Se le acusa al(la) tesorero(a) de:\n1. No presentación de informes financieros en las asambleas ordinarias\n2. No practicar el recaudo de los aportes voluntarios oportunamente\n3. No abrir junto con el(la) presidente la cuenta bancaria, a pesar de que se le invito en varias ocasiones para el trámite.\n4. No elaborar el presupuesto de la vigencia siguiente\n5. No tener al día los libros bajo su responsabilidad.\n\bPuesto a consideración de la asamblea la Lectura y presentación de cargos contra el dignatario es %actareuniones.aprobadoContraDignatario% por %actareuniones.votosContraDignatario% de los %actareuniones.asistentes% afiliados asistentes afiliados asistentes\n');


INSERT INTO ordendia (nombre, texto) VALUES ('PRESENTACION DE DESCARGOS POR PARTE DEL DIGNATARIO', 'Se le da el uso de la palabra al(la) tesorero(a) y manifiesta:\n1. XXXXXXXXXXXXXXXXXXXXXXXXXXXXXXXXXXXXXXXXXXXXXXXXXXXXXXXXX\nXXXXXXXXXXXXXXXXXXXXXXXXXXXXXXXXXXXXXXXXXXXXXXXXXXXXXXXX\n2. XXXXXXXXXXXXXXXXXXXXXXXXXXXXXXXXXXXXXXXXXXXXXXXXXXXXXXXXXXX\nXXXXXXXXXXXXXXXXXXXXXXXXXXXXXXXXXXXXXXXXXXXXXXXXXXXXXXXX\n3. XXXXXXXXXXXXXXXXXXXXXXXXXXXXXXXXXXXXXXXXXXXXXXXXXXXXXXXX\nXXXXXXXXXXXXXXXXXXXXXXXXXXXXXXXXXXXXXXXXXXXXXXXXXXXXXX\n4. XXXXXXXXXXXXXXXXXXXXXXXXXXXXXXXXXXXXXXXXXXXXXXXXXXXXXXXX\nXXXXXXXXXXXXXXXXXXXXXXXXXXXXXXXXXXXXXXXXXXXXXXXXXXXXXXXX\n5. XXXXXXXXXXXXXXXXXXXXXXXXXXXXXXXXXXXXXXXXXXXXXXXXXXXXXXXXXX\nXXXXXXXXXXXXXXXXXXXXXXXXXXXXXXXXXXXXXXXXXXXXXXXXXXXXXXXXX\n\bPuesto a consideración de la asamblea la Lectura y presentación de cargos contra el dignatario es %actareuniones.aprobadoDescargosDignatario% por %actareuniones.votosDescargosDignatario% de los %actareuniones.asistentes% afiliados asistentes afiliados asistentes\n');


INSERT INTO ordendia (nombre, texto) VALUES ('DISCUSIÓN, APROBACIÓN O DESAPROBACION DE LA REVOCATORIA DE MANDATO', 'Una vez escuchadas las dos partes, tanto los cargos que imputan por parte de la acusación y los alegatos de la defensa en la presentación de los descargos, los asistentes a la asamblea proceden a realizar la discusión correspondiente, para tomar la decisión basada en las pruebas y alegatos presentados por las dos partes.\nLa asamblea se toma un receso de media hora para debatir y sacar las Conclusiones definitivas.\nUna vez transcurrido el tiempo de receso solicitado, se reunió nuevamente la asamblea y se procedió a realizar la votación.\n\bPuesto a consideración de la asamblea LA REVOCATORIA DEL MANDATO DEL(LA) TESORERO(A) SEÑOR(A) es %actareuniones.nombreTesorero% es %actareuniones.aprobadoRevocatoriaTesorero% por %actareuniones.votosRevocatoriaTesorero% de los %actareuniones.asistentes% afiliados asistentes afiliados asistentes\n');


INSERT INTO ordendia (nombre, texto) VALUES ('LECTURA, DISCUSIÓN Y APROBACIÓN DE LA REFORMA ESTATUTARIA', 'Se dio lectura a todos y cada uno de los capítulos y artículos contemplados en los estatutos hasta la terminación sin interrupción por parte de los asambleístas.\nLa Presidencia de la asamblea solicita a los presentes que quien tenga algo que modificar o agregar de los estatutos, por favor solicite la palabra y lo haga en forma clara y en voz alta.\nSe realiza por parte de los asambleístas, la discusión de cada uno de los capítulos y artículos, se realizan varias proposiciones para que se modifiquen algunos artículos de los estatutos leídos de lo cual se toma atenta nota por parte de la secretaría.\n\nSiendo las %actareuniones.horaReformaEstatutaria% la presidencia de la asamblea pone a consideración de los afiliados asistentes la aprobación de la reforma de los estatutos compuestos por %actareuniones.numCapitulosEstatutos% capítulos y %actareuniones.numArticulosEstatutos% artículos, se autorizó a la presidencia de la junta, la celebración de contratos y convenios con entidades públicas y privadas del orden internacional, nacional, departamental y municipal con el fin de impulsar los proyectos acordes con los planes comunitarios hasta por una Menor Cuantía, de acuerdo con los artículos 16 Literal f) y 63 de la Ley 2166 de 2021.\n\nPuesto a consideración de la asamblea, %actareuniones.aprobadoLectura% se aprueba por %actareuniones.votosLectura% votos de %actareuniones.asistentes% afiliados asistentes.\n');


INSERT INTO ordendia (nombre, texto) VALUES ('LECTURA, DISCUSION Y APROBACION DEL PLAN ESTRATEGICO DE DESARROLLO COMUNAL', 'La Secretaria de asamblea dio lectura al proyecto del P.E.D.C. compuesto por: Misión, Visión, Ejes Estratégicos, Objetivos, Actividades Meta, Indicadores, Recursos Financieros Comprometidos y Dignatarios Responsables, sin interrupción por parte de los asambleístas.\nLa Presidente solicita a los presentes que quien tenga algo que modificar, agregar o suprimir al contenido del P.E.D.C., por favor solicite la palabra y lo haga en forma clara y en voz alta.\nSe realiza por parte de los asambleístas la discusión de cada uno de los componentes y estos realizan proposiciones para que se modifiquen algunos ítems de los leídos de lo cual se toma atenta nota por parte de la secretaria.\nSiendo las %actareuniones.horaDesarrolloEstrategico% la señora Presidente pone a consideración de los afiliados asistentes la aprobación del P.E.D.C. compuesto por XX Ejes Estratégicos, XX Objetivos, XX Actividades Meta, XX Indicadores, $ XXX.XXX.XXX Recursos Financieros y los dignatarios Responsables de las Actividades Meta.\n\bEl presente documento P.E.D.C. se anexa y hace parte de la presente acta.\nPuesto a consideración de la asamblea EL PROYECTO DEL PLAN ESTRATEGICO DE DESARROLLO COMUNAL P.E.D.C. es %actareuniones.aprobadoDesarrolloEstrategico% por %actareuniones.votosDesarrolloEstrategico% de los %actareuniones.asistentes% afiliados asistentes afiliados asistentes\n');

INSERT INTO ordendia (nombre, texto) VALUES ('LECTURA, DISCUSIÓN Y APROBACIÓN PLAN DE ACCIÓN AÑO 2023', 'La Secretaria de asamblea dio lectura al proyecto del Plan de Acción Año %actareuniones.ano%, compuesto por: Ejes Estratégicos, Objetivos, Actividades Meta, Indicadores, Recursos Financieros Comprometidos y Dignatarios Responsables, sin interrupción por parte de los asambleístas.\nLa Presidente solicita a los presentes que quien tenga algo que modificar, agregar o suprimir al contenido del Plan de Acción Año %actareuniones.ano%, por favor solicite la palabra y lo haga en forma clara y en voz alta.\nSe realiza por parte de los asambleístas la discusión de cada uno de los componentes y estos realizan proposiciones para que se modifiquen algunos ítems de los leídos de lo cual se toma atenta nota por parte de la secretaria.\nSiendo las %actareuniones.horaPlanAccion% la señora Presidente pone a consideración de los afiliados asistentes la aprobación del Plan de Acción Año %actareuniones.ano%, compuesto por XX Ejes Estratégicos, XX Objetivos, XX Actividades Meta, XX Indicadores, $ XX.XXX.XXX Recursos Financieros y los dignatarios Responsables de las Actividades Meta.\nEL DOCUMENTO AQUÍ APROBADO HACE PARTE DE LA PRESENTE ACTA./n/bPuesto a consideración de la asamblea EL PROYECTO DEL PLAN DE ACCIÓN AÑO %actareuniones.ano% es %actareuniones.aprobadoPlanAccion% por %actareuniones.votosPlanAccion% de los %actareuniones.asistentes% afiliados asistentes afiliados asistentes\n');

INSERT INTO ordendia (nombre, texto) VALUES ('PRESENTACION DEL PRESUPUESTO PARA LA SIGUIENTE VIGENCIA AÑO 2023', 'Se le da el uso de la palabra al(la) tesorero(a) y manifiesta:\nQue para darle cumplimiento a la ley 2166 de 2021 y a los estatutos se hace necesario la elaboración del presupuesto de ingresos y gastos de la junta para la próxima vigencia de acuerdo con las funciones del tesorero.\nQue el presupuesto es una herramienta de planificación financiera que le permite a la junta organizar adecuadamente sus finanzas para conocer anticipadamente la capacidad económica futura en el cumplimiento de sus metas y objetivos misionales que se alcanzan a través de las actividades plasmadas en el plan estratégico de desarrollo comunitario y los respectivos planes anuales de acción.\nLa ejecución de estas actividades y los procesos organizativos de la junta comprometen unos recursos económicos conocidos como gastos, estos se deben prever en esta herramienta de planificación financiera que nos permite de manera temprana conocer las necesidades económicas y con tiempo suficiente buscar las fuentes de financiación más conocidas como Ingresos.\nDespués de dar lectura y explicar cada uno de los ítems de la relación detallada de los ingresos y gastos proyectados para el año entrante, se Procede por parte de los asistentes a la asamblea con la correspondiente deliberación, discusión y aprobación del presupuesto año %actareuniones.ano%./n/bPuesto a consideración de la asamblea EL PRESUPUESTO PARA LA SIGUIENTE VIGENCIA AÑO %actareuniones.ano% es %actareuniones.aprobadoPresentacionPresupuesto% por %actareuniones.votosPresentacionPresupuesto% de los %actareuniones.asistentes% afiliados asistentes afiliados asistentes\n');

INSERT INTO ordendia (nombre,texto) VALUES ('INSTALACION JORNADA ELECTORAL','Siendo las %actareuniones.horaJornadaElectoral% la presidencia, la secretaria de la asamblea y el Tribunal de Garantías instala formalmente la jornada electoral.\n');

INSERT INTO ordendia (nombre, texto) VALUES ('PRESENTACIÓN DEL TRIBUNAL DE GARANTIAS', 'Se presenta el Tribunal de Garantías que está conformado por:\n\n%actareuniones.nombreTribunal% - C.C.No. %actareuniones.identificacionTribunal%\n%actareuniones.nombreTribunalA% - C.C.No. %actareuniones.identificacionTribunalA%\n%actareuniones.nombreTribunalB% - C.C.No. %actareuniones.identificacionTribunalB%\n\nEl Tribunal de Garantías de acuerdo con sus funciones velará que la jornada de elección a realizarse se dé dentro del debido proceso. En cada mesa de votación encontrarán una urna que será mostrada a los asistentes para que evidencien que se encuentran vacías, cada votante deberá presentar su documento de identificación en el momento de ejercer su derecho al voto, para que así se verifique el listado que los jurados tienen en cada una de las mesas que se instalarán. Al finalizar la jornada cada mesa deberá levantar un acta de la votación realizada.\n');

INSERT INTO ordendia (nombre, texto) VALUES ('CALCULO MATEMÁTICO PARA ASIGNAR LOS CARGOS POR COCIENTE ELECTORAL', 'DECRETO REGLAMENTARIO 1501 DE 2023: Para  dar cumplimiento a lo previsto en el parágrafo 2 del artículo 34 de la Ley 2166      de 2021 PROCESO DE ASIGNACIÓN DE CARGOS MEDIANTE EL CUOCIENTE ELECTORAL\n\nARTÍCULO 2.3.2.1.5.6. Cociente electoral. El cual consiste en la sumatoria de la totalidad de votos válidos y posteriormente, dividir por los cargos a proveer en cada bloque para obtener aquel número entero, una vez realizada dicha operación, cada lista o plancha obtendrá tantos cargos por bloque como veces el cociente quepa en el respectivo número de votos válidos y se asigna en estricto orden de postulación (descendente). Si el cociente no alcanza para proveer todos los cargos, los que queden deben asignarse por el número de residuo, de mayor a menor.\n');

insert into conceptosegresos(tipo, concepto,cuenta) values ('Gastos Administrativos','Salarios del personal administrativo','1');
insert into conceptosegresos(tipo, concepto,cuenta) values ('Gastos Administrativos','Suministros de oficina','2');
insert into conceptosegresos(tipo, concepto,cuenta) values ('Gastos Administrativos','Gastos de viaje para reuniones o capacitación','3');
insert into conceptosegresos(tipo, concepto,cuenta) values ('Gastos Administrativos','Alquiler de locales o oficinas','4');
insert into conceptosegresos(tipo, concepto,cuenta) values ('Gastos Administrativos','Servicios públicos (agua, electricidad, etc.)','5');
insert into conceptosegresos(tipo, concepto,cuenta) values ('Gastos de Mantenimiento','Reparaciones y mantenimiento de instalaciones','6');
insert into conceptosegresos(tipo, concepto,cuenta) values ('Gastos de Mantenimiento','Mantenimiento de equipos','7');
insert into conceptosegresos(tipo, concepto,cuenta) values ('Gastos de Mantenimiento','Mantenimiento de vehiculos','8');
insert into conceptosegresos(tipo, concepto,cuenta) values ('Gastos de Mantenimiento','Gastos de limpieza y jardinería','9');
insert into conceptosegresos(tipo, concepto,cuenta) values ('Gastos de Mantenimiento','Seguridad y vigilancia','10');
insert into conceptosegresos(tipo, concepto,cuenta) values ('Gastos de Eventos y Actividades','Alquiler de espacios para eventos','11');
insert into conceptosegresos(tipo, concepto,cuenta) values ('Gastos de Eventos y Actividades','Comida y bebida para eventos','12');
insert into conceptosegresos(tipo, concepto,cuenta) values ('Gastos de Eventos y Actividades','Honorarios de ponentes o artistas invitados','13');
insert into conceptosegresos(tipo, concepto,cuenta) values ('Gastos de Eventos y Actividades','Material promocional','14');
insert into conceptosegresos(tipo, concepto,cuenta) values ('Gastos de Capacitación y Formación','Honorarios de instructores o facilitadores','15');
insert into conceptosegresos(tipo, concepto,cuenta) values ('Gastos de Capacitación y Formación','Material educativo o de formación','16');
insert into conceptosegresos(tipo, concepto,cuenta) values ('Gastos de Capacitación y Formación','Alquiler de espacios para capacitación','17');
insert into conceptosegresos(tipo, concepto,cuenta) values ('Gastos de Capacitación y Formación','Certificados o reconocimientos para participantes','18');
insert into conceptosegresos(tipo, concepto,cuenta) values ('Gastos de Proyectos Comunitarios','Materiales de construcción','19');
insert into conceptosegresos(tipo, concepto,cuenta) values ('Gastos de Proyectos Comunitarios','Honorarios de contratistas o trabajadores','20');
insert into conceptosegresos(tipo, concepto,cuenta) values ('Gastos de Proyectos Comunitarios','Permisos y licencias','21');
insert into conceptosegresos(tipo, concepto,cuenta) values ('Gastos de Proyectos Comunitarios','Equipamiento para proyectos','22');
insert into conceptosegresos(tipo, concepto,cuenta) values ('Gastos de Servicios Públicos y Comunitarios','Pagos de agua, electricidad, gas, etc.','23');
insert into conceptosegresos(tipo, concepto,cuenta) values ('Gastos de Servicios Públicos y Comunitarios','Recolección de basura y servicios de limpieza','24');
insert into conceptosegresos(tipo, concepto,cuenta) values ('Gastos de Servicios Públicos y Comunitarios','Mantenimiento de áreas comunes','25');
insert into conceptosegresos(tipo, concepto,cuenta) values ('Gastos de Promoción y Comunicación','Publicidad y material de marketing','26');
insert into conceptosegresos(tipo, concepto,cuenta) values ('Gastos de Promoción y Comunicación','Diseño y producción de folletos o carteles','27');
insert into conceptosegresos(tipo, concepto,cuenta) values ('Gastos de Promoción y Comunicación','Publicidad en medios locales','28');
insert into conceptosegresos(tipo, concepto,cuenta) values ('Otros Gastos Diversos','Multas o sanciones','29');
insert into conceptosegresos(tipo, concepto,cuenta) values ('Otros Gastos Diversos','Donaciones a otras organizaciones o causas','30');
insert into conceptosegresos(tipo, concepto,cuenta) values ('Otros Gastos Diversos','Seguros para la organización','31');
insert into conceptosegresos(tipo, concepto,cuenta) values ('Otros Gastos Diversos','Impuestos locales o municipales','32');
insert into conceptosegresos(tipo, concepto,cuenta) values ('Compras de bienes','Inmuebles','33');
insert into conceptosegresos(tipo, concepto,cuenta) values ('Compras de bienes','Vehiculos','34');

insert into egresos (id_empresa, numero, fecha, beneficiario, identificacion, ciudad, departamento, direccion, telefono, banco, cheque, efectivo, id_users) values (1,1,'2024-05-13','Coca Cola','830003566-1','Bogotá','Cundinamarca','Av Boyacá No 40-38','3008236145','Bancolombia','6352',0,1);
insert into egresos (id_empresa, numero, fecha, beneficiario, identificacion, ciudad, departamento, direccion, telefono, banco, cheque, efectivo, id_users) values (1,2,'2024-05-13','Plasticos de suaita','800523478-5','Suaita','Santander','Carrera 3 No 12-124','3156587423','','',1,2);

insert into itemegresos (id_egresos,id_concepto_egresos,concepto,valor) values (1,12,'gaseosas para la asamblea',2968123500);
insert into itemegresos (id_egresos,id_concepto_egresos,concepto,valor) values (1,2,'vasos desechables',450);

insert into itemegresos (id_egresos,id_concepto_egresos,concepto,valor) values (2,33,'sillas rimax',954744750);
insert into itemegresos (id_egresos,id_concepto_egresos,concepto,valor) values (2,33,'mesas plasticas',1644750);

insert into conceptosingresos(concepto,cuenta) values ('Donaciones individuales','1');
insert into conceptosingresos(concepto,cuenta) values ('Donaciones de empresas','2');
insert into conceptosingresos(concepto,cuenta) values ('Cuotas de Aportes voluntarios','3');
insert into conceptosingresos(concepto,cuenta) values ('Ingresos por eventos comunitarios','4');
insert into conceptosingresos(concepto,cuenta) values ('Subvenciones gubernamentales','5');
insert into conceptosingresos(concepto,cuenta) values ('Ingresos por servicios','6');
insert into conceptosingresos(concepto,cuenta) values ('Venta de productos o mercancías','7');
insert into conceptosingresos(concepto,cuenta) values ('Patrocinios','8');
insert into conceptosingresos(concepto,cuenta) values ('Subvenciones y financiamiento externo','9');
insert into conceptosingresos(concepto,cuenta) values ('Ingresos por alquiler de espacios','10');
insert into conceptosingresos(concepto,cuenta) values ('Porcentaje de Comisión Empresarial','11');
insert into conceptosingresos(concepto,cuenta) values ('Prestamos','12');

insert into ingresos (id_empresa, numero, fecha, recibido_de, identificacion, ciudad, departamento, direccion, telefono, banco, cheque, efectivo, id_users) values (1,1,'2024-05-14','Marcela Mejía','28429300','Cali','Valle del Cauca','Avenida 45 No 33-38','3018236155','Banco de Bogotá','6311',0,1);
insert into ingresos (id_empresa, numero, fecha, recibido_de, identificacion, ciudad, departamento, direccion, telefono, banco, cheque, efectivo, id_users) values (1,2,'2024-05-18','Tatiana Garcia','1113628456','Barbosa','Antioquia','Calle 54 No 19-34','3126256578','','',1,2);

insert into itemingresos (id_ingresos,id_concepto_ingresos,concepto,valor) values (1,4,'Evento día de la familia',2563879);
insert into itemingresos (id_ingresos,id_concepto_ingresos,concepto,valor) values (1,6,'Servicio de organización de eventos',900000);

insert into itemingresos (id_ingresos,id_concepto_ingresos,concepto,valor) values (2,10,'Alquiler de salón comunal',650000);
insert into itemingresos (id_ingresos,id_concepto_ingresos,concepto,valor) values (2,7,'Venta de desayunos en evento día de la familia',1644750);
insert into itemingresos (id_ingresos,id_concepto_ingresos,concepto,valor) values (2,1,'Donación de Tatiana por apoyo durante el evento',1000000);

insert into entradas (id_empresa, tipo, numero, fecha, tercero, identificacion, ciudad, departamento, direccion, telefono, causal, id_users) values (1,'E',1,'2024-05-14','Marcela Mejía','28429300','Cali','Valle del Cauca','Avenida 45 No 33-38','3018236155','Compra',1);
insert into entradas (id_empresa, tipo, numero, fecha, tercero, identificacion, ciudad, departamento, direccion, telefono, causal, id_users) values (1,'E',2,'2024-05-18','Tatiana Garcia','1113628456','Barbosa','Antioquia','Calle 54 No 19-34','3126256578','Donación',2);

insert into entradas (id_empresa, tipo, numero, fecha, tercero, identificacion, ciudad, departamento, direccion, telefono, causal, id_users) values (1,'S',3,'2024-05-14','Marcela Mejía','28429300','Cali','Valle del Cauca','Avenida 45 No 33-38','3018236155','Perdida',1);
insert into entradas (id_empresa, tipo, numero, fecha, tercero, identificacion, ciudad, departamento, direccion, telefono, causal, id_users) values (1,'S',4,'2024-05-18','Tatiana Garcia','1113628456','Barbosa','Antioquia','Calle 54 No 19-34','3126256578','Devolución',2);

insert into itementradas (id_inventario,cantidad,concepto,valor) values (1,4,'Sillas rimax rojas',2563879);
insert into itementradas (id_inventario,cantidad,concepto,valor) values (1,100,'Computador marca sony',900000);

insert into itementradas (id_inventario,cantidad,concepto,valor) values (2,28,'Sillas de madera 3 puestos',650000);
insert into itementradas (id_inventario,cantidad,concepto,valor) values (2,1251,'Microfono marca sony',1644750);
insert into itementradas (id_inventario,cantidad,concepto,valor) values (2,10325,'Equipo de sonido',1000000);

insert into itementradas (id_inventario,cantidad,concepto,valor) values (3,4,'Sillas rimax rojas',2563879);
insert into itementradas (id_inventario,cantidad,concepto,valor) values (3,100,'Computador marca sony',900000);

insert into itementradas (id_inventario,cantidad,concepto,valor) values (4,28,'Sillas de madera 3 puestos',650000);
insert into itementradas (id_inventario,cantidad,concepto,valor) values (4,1251,'Microfono marca sony',1644750);
insert into itementradas (id_inventario,cantidad,concepto,valor) values (4,10325,'Equipo de sonido',1000000);



UPDATE empresas SET id_afiliado_presidente=2, id_afiliado_secretario=1 WHERE id_Empresa=1;